{"cameraMode":{"drawMode":0,"name":"Shaded","section":"Shading Mode"},"sceneLighting":false,"audioPlay":false,"sceneViewState":{"m_AlwaysRefresh":false,"showFog":false,"showSkybox":false,"showFlares":true,"showImageEffects":true,"showParticleSystems":true,"showVisualEffectGraphs":true,"m_FxEnabled":false},"in2DMode":false,"pivot":{"x":2.5726606845855715,"y":1.055661678314209,"z":-3.5638370513916017},"rotation":{"x":0.04947393760085106,"y":0.015582087449729443,"z":-0.0007718935376033187,"w":0.9986536502838135},"size":4.520407199859619,"orthographic":false}