{"cameraMode":{"drawMode":0,"name":"Shaded","section":"Shading Mode"},"sceneLighting":false,"audioPlay":false,"sceneViewState":{"m_AlwaysRefresh":false,"showFog":false,"showSkybox":false,"showFlares":true,"showImageEffects":true,"showParticleSystems":true,"showVisualEffectGraphs":true,"m_FxEnabled":false},"in2DMode":false,"pivot":{"x":15.038765907287598,"y":0.09999952465295792,"z":-31.93419075012207},"rotation":{"x":0.006837678607553244,"y":-0.9928656816482544,"z":0.09560953825712204,"w":0.07100891321897507},"size":0.17320552468299867,"orthographic":false}