{"cameraMode":{"drawMode":0,"name":"Shaded","section":"Shading Mode"},"sceneLighting":false,"audioPlay":false,"sceneViewState":{"m_AlwaysRefresh":false,"showFog":false,"showSkybox":false,"showFlares":true,"showImageEffects":true,"showParticleSystems":true,"showVisualEffectGraphs":true,"m_FxEnabled":false},"in2DMode":false,"pivot":{"x":1.6589158773422242,"y":4.532105922698975,"z":-1.0758305788040162},"rotation":{"x":0.04947393760085106,"y":0.015582087449729443,"z":-0.0007718935376033187,"w":0.9986536502838135},"size":1.2297559976577759,"orthographic":false}