{"cameraMode":{"drawMode":0,"name":"Shaded","section":"Shading Mode"},"sceneLighting":true,"audioPlay":false,"sceneViewState":{"m_AlwaysRefresh":false,"showFog":false,"showSkybox":true,"showFlares":true,"showImageEffects":true,"showParticleSystems":true,"showVisualEffectGraphs":true,"m_FxEnabled":false},"in2DMode":false,"pivot":{"x":36.630001068115237,"y":1.8300000429153443,"z":32.36463928222656},"rotation":{"x":0.04947393760085106,"y":0.015582087449729443,"z":-0.0007718935376033187,"w":0.9986536502838135},"size":12.461819648742676,"orthographic":false}