{"cameraMode":{"drawMode":0,"name":"Shaded","section":"Shading Mode"},"sceneLighting":true,"audioPlay":false,"sceneViewState":{"m_AlwaysRefresh":false,"showFog":false,"showSkybox":true,"showFlares":true,"showImageEffects":true,"showParticleSystems":true,"showVisualEffectGraphs":true,"m_FxEnabled":false},"in2DMode":false,"pivot":{"x":411.48675537109377,"y":332.2434997558594,"z":-27.2135009765625},"rotation":{"x":0.04947393760085106,"y":0.015582087449729443,"z":-0.0007718935376033187,"w":0.9986536502838135},"size":340.73553466796877,"orthographic":false}