{"cameraMode":{"drawMode":0,"name":"Shaded","section":"Shading Mode"},"sceneLighting":true,"audioPlay":false,"sceneViewState":{"m_AlwaysRefresh":false,"showFog":false,"showSkybox":true,"showFlares":true,"showImageEffects":true,"showParticleSystems":true,"showVisualEffectGraphs":true,"m_FxEnabled":false},"in2DMode":false,"pivot":{"x":4.589591026306152,"y":-1.9945720434188843,"z":0.125136137008667},"rotation":{"x":0.006837678607553244,"y":-0.9928656816482544,"z":0.09560953825712204,"w":0.07100891321897507},"size":11.740031242370606,"orthographic":false}