{"cameraMode":{"drawMode":0,"name":"Shaded","section":"Shading Mode"},"sceneLighting":true,"audioPlay":false,"sceneViewState":{"m_AlwaysRefresh":false,"showFog":false,"showSkybox":true,"showFlares":true,"showImageEffects":true,"showParticleSystems":true,"showVisualEffectGraphs":true,"m_FxEnabled":false},"in2DMode":false,"pivot":{"x":32.16999816894531,"y":1.5099999904632569,"z":31.979999542236329},"rotation":{"x":0.2551414370536804,"y":-0.006669838912785053,"z":0.0017600742867216468,"w":0.9668794274330139},"size":1.8819606304168702,"orthographic":false}