{"cameraMode":{"drawMode":0,"name":"Shaded","section":"Shading Mode"},"sceneLighting":true,"audioPlay":false,"sceneViewState":{"m_AlwaysRefresh":false,"showFog":false,"showSkybox":true,"showFlares":true,"showImageEffects":true,"showParticleSystems":true,"showVisualEffectGraphs":true,"m_FxEnabled":false},"in2DMode":false,"pivot":{"x":457.57598876953127,"y":164.0924072265625,"z":-4.5120849609375},"rotation":{"x":-0.07792237401008606,"y":-0.004494855180382729,"z":0.00033639787579886615,"w":-0.9969671368598938},"size":542.8779907226563,"orthographic":false}